code_hospital,q3,q31,q4,q5,q6,q7,q8,q9,q10,q11,q12,q13,q14,q15,q16,q17,q18,q19,q20,q21,q21_2016,q22,q23,q24,q25,q26,q27,q28,q29,q30,q33,q34,q36,q37,q39,q4r,q5r,q6r,q7r,q8r,q9r,q10r,q11r,q12r,q13r,q14r,q15r,q16r,q17r,q18r,q19r,q20r,q21r,q21r_2016,q22r,q23r,q24r,q25r,q26r,q27r,q28r,q29r,q30r,q3_dicho,q4r_dicho,q5r_dicho,q6r_dicho,q7r_dicho,q8r_dicho,q9r_dicho,q10r_dicho,q11r_dicho,q12r_dicho,q13r_dicho,q14r_dicho,q15r_dicho,q16r_dicho,q17r_dicho,q18r_dicho,q19r_dicho,q20r_dicho,q21r_dicho,q22r_dicho,q23r_dicho,q24r_dicho,q25r_dicho,q26r_dicho,q27r_dicho,q28r_dicho,q29r_dicho,q30r_dicho,q31_dicho,q3_g,q31_g,q3_5down,q31_5down,overall_average
איכילוב,9.03740157480315,12.98228346456693,34.395669291338585,4.2795275590551185,1.8031496062992125,3.3838582677165356,2.3897637795275593,2.4783464566929134,3.078740157480315,3.3661417322834644,2.9881889763779528,6.110236220472441,5.244094488188976,6.460629921259843,13.366141732283465,4.751968503937008,10.998031496062993,9.033464566929133,5.549212598425197,,6.206692913385827,3.5964566929133857,3.279527559055118,4.653543307086614,3.4350393700787403,2.3070866141732282,2.2598425196850394,3.718503937007874,25.033464566929133,4.338582677165355,1.7578740157480315,2.891732283464567,1.919291338582677,1.234251968503937,,,,,,,,,,,,,,,,,,,,,,,,,,,,,,0.7795275590551181,0.6830708661417323,0.7637795275590551,0.8661417322834646,0.8484251968503937,0.8366141732283464,0.8326771653543307,0.7598425196850394,0.8110236220472441,0.8188976377952756,0.7086614173228346,0.718503937007874,0.8149606299212598,0.8562992125984252,0.8838582677165354,0.7145669291338582,0.765748031496063,0.7952755905511811,0.7696850393700787,0.8661417322834646,0.7854330708661418,0.797244094488189,0.812992125984252,0.9192913385826772,0.8720472440944882,0.7559055118110236,0.5669291338582677,0.8267716535433071,0.8070866141732284,0.7795275590551181,0.8070866141732284,0.10433070866141732,0.11811023622047244,3.532957528036268
אסף הרופא,8.44140625,13.783203125,20.998046875,4.419921875,2.001953125,2.849609375,3.11328125,1.986328125,2.2109375,3.076171875,2.1875,5.638671875,4.361328125,5.9296875,11.21875,5.68359375,10.8125,7.50390625,5.537109375,,4.017578125,2.45703125,2.556640625,3.2421875,2.642578125,4.37109375,4.046875,4.60546875,27.986328125,4.2109375,2.423828125,2.765625,2.00390625,1.244140625,,,,,,,,,,,,,,,,,,,,,,,,,,,,,,0.720703125,0.6328125,0.779296875,0.87890625,0.853515625,0.837890625,0.859375,0.791015625,0.837890625,0.81640625,0.640625,0.734375,0.849609375,0.837890625,0.875,0.728515625,0.75390625,0.779296875,0.787109375,0.84375,0.84765625,0.818359375,0.849609375,0.861328125,0.76953125,0.720703125,0.65625,0.787109375,0.71875,0.720703125,0.71875,0.14453125,0.150390625,3.2565104166666665
בלינסון,9.542168674698795,13.331325301204819,31.35542168674699,4.592369477911647,1.7610441767068272,3.5582329317269075,2.5562248995983934,2.1646586345381524,2.9497991967871484,3.8634538152610443,2.1606425702811247,4.134538152610442,4.748995983935743,6.293172690763052,12.953815261044177,5.907630522088353,11.650602409638553,9.953815261044177,6.0,,4.453815261044177,1.5963855421686748,2.5200803212851404,5.004016064257028,3.244979919678715,2.566265060240964,2.110441767068273,2.6164658634538154,18.41566265060241,4.678714859437751,1.71285140562249,2.9698795180722892,1.9598393574297188,1.1867469879518073,,,,,,,,,,,,,,,,,,,,,,,,,,,,,,0.8032128514056225,0.748995983935743,0.8192771084337349,0.8835341365461847,0.8815261044176707,0.8473895582329317,0.8835341365461847,0.8232931726907631,0.8433734939759037,0.8293172690763052,0.751004016064257,0.7811244979919679,0.8333333333333334,0.8674698795180723,0.9076305220883534,0.7369477911646586,0.7831325301204819,0.7931726907630522,0.8012048192771084,0.8835341365461847,0.8514056224899599,0.8273092369477911,0.8373493975903614,0.9036144578313253,0.8353413654618473,0.8172690763052208,0.7228915662650602,0.8775100401606426,0.8232931726907631,0.8032128514056225,0.8232931726907631,0.0642570281124498,0.07429718875502007,3.3375319459656807
בני ציון,10.312015503875969,13.585271317829458,30.5484496124031,3.755813953488372,1.550387596899225,3.306201550387597,2.294573643410853,2.5251937984496124,3.4844961240310077,4.292635658914729,2.4806201550387597,6.036821705426356,5.9437984496124034,6.887596899224806,11.10077519379845,6.377906976744186,11.965116279069768,9.265503875968992,6.7015503875969,,5.635658914728682,2.744186046511628,3.4689922480620154,4.767441860465116,3.9108527131782944,2.5406976744186047,2.9244186046511627,4.3062015503875966,22.843023255813954,5.308139534883721,2.4089147286821704,2.866279069767442,1.939922480620155,1.8643410852713178,,,,,,,,,,,,,,,,,,,,,,,,,,,,,,0.7887596899224806,0.8003875968992248,0.8042635658914729,0.8953488372093024,0.8798449612403101,0.8468992248062015,0.8875968992248062,0.8178294573643411,0.8701550387596899,0.8430232558139535,0.7461240310077519,0.7674418604651163,0.8468992248062015,0.8662790697674418,0.8895348837209303,0.7616279069767442,0.8081395348837209,0.8294573643410853,0.812015503875969,0.872093023255814,0.8294573643410853,0.8527131782945736,0.8275193798449613,0.8701550387596899,0.8217054263565892,0.7286821705426356,0.7286821705426356,0.8624031007751938,0.7965116279069767,0.7887596899224806,0.7965116279069767,0.09883720930232558,0.12209302325581395,3.5712356119332864
ברזילי,10.664136622390892,15.070208728652752,26.719165085388994,5.998102466793169,2.6736242884250476,6.256166982922201,2.8842504743833017,2.7267552182163186,4.216318785578748,4.52561669829222,3.3282732447817835,7.388994307400379,6.415559772296016,8.351043643263758,14.618595825426945,7.996204933586338,11.060721062618596,10.21821631878558,8.96584440227704,,5.777988614800759,3.1821631878557874,4.1992409867172675,5.861480075901328,3.893738140417457,4.117647058823529,3.316888045540797,3.3927893738140416,28.647058823529413,7.184060721062618,2.049335863377609,2.823529411764706,1.967741935483871,1.2447817836812145,,,,,,,,,,,,,,,,,,,,,,,,,,,,,,0.6641366223908919,0.6546489563567363,0.777988614800759,0.8121442125237192,0.8007590132827325,0.7950664136622391,0.8292220113851992,0.7571157495256167,0.7703984819734345,0.7609108159392789,0.6660341555977229,0.7058823529411765,0.8064516129032258,0.8368121442125237,0.8671726755218216,0.7039848197343453,0.7343453510436433,0.7760910815939279,0.7343453510436433,0.7817836812144212,0.7722960151802657,0.8178368121442126,0.7836812144212524,0.8349146110056926,0.7495256166982922,0.7229601518026565,0.6129032258064516,0.7722960151802657,0.6261859582542695,0.6641366223908919,0.6261859582542695,0.17077798861480076,0.22011385199240988,3.959778046115807
הדסה הר הצופים,8.481481481481481,11.304843304843304,36.236467236467234,3.547008547008547,1.601139601139601,2.7122507122507122,2.0199430199430197,2.1481481481481484,4.336182336182336,3.1225071225071224,1.8148148148148149,2.9743589743589745,4.1424501424501425,5.088319088319088,9.464387464387464,4.49002849002849,13.518518518518519,6.803418803418803,4.50997150997151,,3.544159544159544,2.4643874643874644,2.336182336182336,2.341880341880342,2.2279202279202277,2.4871794871794872,2.3162393162393164,2.606837606837607,27.376068376068375,4.247863247863248,2.094017094017094,2.886039886039886,1.9230769230769231,1.6182336182336183,,,,,,,,,,,,,,,,,,,,,,,,,,,,,,0.7094017094017094,0.8347578347578347,0.7834757834757835,0.8831908831908832,0.8888888888888888,0.8603988603988604,0.886039886039886,0.8233618233618234,0.8461538461538461,0.8148148148148148,0.7749287749287749,0.8034188034188035,0.8433048433048433,0.8319088319088319,0.8603988603988604,0.8005698005698005,0.7834757834757835,0.8319088319088319,0.8262108262108262,0.9031339031339032,0.8433048433048433,0.8461538461538461,0.8717948717948718,0.8547008547008547,0.7350427350427351,0.7321937321937322,0.6495726495726496,0.7749287749287749,0.6638176638176638,0.7094017094017094,0.6638176638176638,0.13105413105413105,0.17663817663817663,3.2428559095225764
הדסה עין כרם,9.614800759013283,10.950664136622391,33.239089184060724,4.3927893738140416,2.0113851992409866,2.8330170777988615,3.3111954459203035,2.4516129032258065,3.2163187855787476,4.453510436432637,2.8481973434535104,5.0,5.136622390891841,5.127134724857685,10.436432637571157,5.27134724857685,9.52561669829222,8.064516129032258,5.98292220113852,,4.05123339658444,3.0246679316888048,3.455407969639469,3.3055028462998104,2.730550284629981,2.7191650853889944,2.6223908918406074,3.225806451612903,28.785578747628083,4.313092979127135,1.9734345351043643,2.861480075901328,1.9449715370018976,1.3870967741935485,,,,,,,,,,,,,,,,,,,,,,,,,,,,,,0.7533206831119544,0.7362428842504743,0.7514231499051234,0.855787476280835,0.8425047438330171,0.8311195445920304,0.8481973434535104,0.7666034155597723,0.8026565464895635,0.7874762808349146,0.698292220113852,0.7020872865275142,0.7628083491461101,0.8311195445920304,0.8444022770398482,0.715370018975332,0.7476280834914611,0.7722960151802657,0.7571157495256167,0.8462998102466793,0.7666034155597723,0.7609108159392789,0.7741935483870968,0.8595825426944972,0.8595825426944972,0.7760910815939279,0.6148007590132827,0.8709677419354839,0.7893738140417458,0.7533206831119544,0.7893738140417458,0.12144212523719165,0.127134724857685,3.4058133517336553
הכרמל,9.275415896487985,13.737523105360443,36.676524953789276,3.574861367837338,1.7264325323475047,3.587800369685767,2.4916820702402958,2.8188539741219962,2.981515711645102,3.286506469500924,2.3696857670979665,5.12014787430684,3.9297597042513863,3.944547134935305,13.850277264325323,5.096118299445472,11.22181146025878,8.388170055452864,6.085027726432532,,3.6173752310536043,2.1792975970425137,3.190388170055453,3.608133086876155,2.8391866913123844,2.8687615526802217,2.3900184842883547,2.8354898336414047,27.635859519408502,3.979667282809612,1.8595194085027726,2.9722735674676524,1.9279112754158965,1.5748613678373382,,,,,,,,,,,,,,,,,,,,,,,,,,,,,,0.7966728280961183,0.7615526802218114,0.8484288354898336,0.9020332717190388,0.8798521256931608,0.8613678373382625,0.8909426987060998,0.8428835489833642,0.8613678373382625,0.8687615526802218,0.722735674676525,0.7855822550831792,0.8558225508317929,0.8743068391866913,0.8927911275415896,0.744916820702403,0.789279112754159,0.8484288354898336,0.8317929759704251,0.8724584103512015,0.8521256931608133,0.8428835489833642,0.8595194085027726,0.878003696857671,0.8133086876155268,0.7097966728280961,0.6746765249537893,0.8299445471349353,0.7985212569316081,0.7966728280961183,0.7985212569316081,0.08872458410351201,0.10905730129390019,3.4761384641236766
הלל יפה,9.28024193548387,12.550403225806452,20.87298387096774,4.776209677419355,2.038306451612903,3.8830645161290325,2.590725806451613,2.316532258064516,2.471774193548387,3.784274193548387,2.0443548387096775,5.213709677419355,3.9899193548387095,5.270161290322581,11.661290322580646,3.1391129032258065,9.590725806451612,7.504032258064516,4.108870967741935,,4.375,2.030241935483871,2.6995967741935485,3.810483870967742,2.435483870967742,1.9173387096774193,2.6451612903225805,2.8245967741935485,26.822580645161292,3.5524193548387095,2.1975806451612905,2.8931451612903225,1.9213709677419355,1.5806451612903225,,,,,,,,,,,,,,,,,,,,,,,,,,,,,,0.657258064516129,0.7016129032258065,0.7641129032258065,0.8649193548387096,0.8528225806451613,0.8366935483870968,0.8387096774193549,0.780241935483871,0.8104838709677419,0.8145161290322581,0.7016129032258065,0.7641129032258065,0.8125,0.8044354838709677,0.8528225806451613,0.7076612903225806,0.7459677419354839,0.7641129032258065,0.7842741935483871,0.8225806451612904,0.7842741935483871,0.7762096774193549,0.7903225806451613,0.9314516129032258,0.8205645161290323,0.7721774193548387,0.6794354838709677,0.7883064516129032,0.6330645161290323,0.657258064516129,0.6330645161290323,0.15524193548387097,0.21370967741935484,3.077407135874878
העמק,9.752399232245681,13.602687140115163,27.932821497120923,4.358925143953935,1.890595009596929,2.8829174664107486,2.4069097888675626,3.0882917466410746,4.401151631477927,3.9136276391554703,1.8944337811900192,4.3973128598848366,4.600767754318618,6.629558541266794,12.689059500959694,3.8790786948176583,9.178502879078694,9.710172744721689,6.6238003838771595,,4.690978886756238,2.602687140115163,2.8464491362763917,2.3589251439539347,3.259117082533589,3.4433781190019195,2.401151631477927,3.6679462571976966,24.115163147792707,4.694817658349328,2.214971209213052,2.890595009596929,1.9769673704414588,1.6276391554702496,,,,,,,,,,,,,,,,,,,,,,,,,,,,,,0.761996161228407,0.710172744721689,0.783109404990403,0.9117082533589251,0.9021113243761996,0.8790786948176583,0.8771593090211133,0.8349328214971209,0.8656429942418427,0.8522072936660269,0.7696737044145874,0.8618042226487524,0.8560460652591171,0.8675623800383877,0.9021113243761996,0.7504798464491362,0.8119001919385797,0.8406909788867563,0.8234165067178503,0.8598848368522073,0.8675623800383877,0.8522072936660269,0.8579654510556622,0.8829174664107485,0.8157389635316699,0.7658349328214972,0.6238003838771593,0.8349328214971209,0.7216890595009597,0.761996161228407,0.7216890595009597,0.12284069097888675,0.15355086372360843,3.368609317745594
השרון,9.675247524752475,12.47920792079208,33.013861386138615,3.603960396039604,1.900990099009901,5.025742574257426,2.6871287128712873,2.213861386138614,3.596039603960396,5.22970297029703,2.215841584158416,5.011881188118812,6.114851485148515,9.364356435643565,13.295049504950494,6.792079207920792,17.005940594059407,12.16039603960396,7.978217821782178,,6.007920792079208,1.9049504950495049,3.003960396039604,4.283168316831683,4.035643564356436,3.21980198019802,2.237623762376238,2.9623762376237623,20.669306930693068,6.231683168316832,2.128712871287129,2.9663366336633663,1.9702970297029703,1.2574257425742574,,,,,,,,,,,,,,,,,,,,,,,,,,,,,,0.7881188118811882,0.8237623762376237,0.8673267326732673,0.904950495049505,0.899009900990099,0.8653465346534653,0.9306930693069307,0.8534653465346534,0.8811881188118812,0.8613861386138614,0.7544554455445545,0.805940594059406,0.8851485148514852,0.8851485148514852,0.897029702970297,0.7663366336633664,0.7940594059405941,0.8217821782178217,0.8455445544554455,0.900990099009901,0.8712871287128713,0.8396039603960396,0.8594059405940594,0.8,0.7247524752475247,0.7445544554455445,0.7089108910891089,0.8475247524752475,0.7564356435643564,0.7881188118811882,0.7564356435643564,0.09504950495049505,0.13663366336633664,3.7606660666066607
וולפסון,9.27255985267035,13.61878453038674,24.845303867403317,3.7255985267034992,1.8232044198895028,4.222836095764273,2.313075506445672,2.0847145488029466,2.9097605893186005,4.8397790055248615,2.261510128913444,4.988950276243094,6.224677716390423,7.0755064456721914,12.633517495395948,5.095764272559853,12.819521178637201,9.89318600368324,6.134438305709024,,4.793738489871086,2.7992633517495396,3.427255985267035,5.149171270718232,4.39963167587477,2.593001841620626,3.130755064456722,2.8434622467771637,29.550644567219152,4.489871086556169,2.167587476979742,2.839779005524862,1.9023941068139962,1.2504604051565378,,,,,,,,,,,,,,,,,,,,,,,,,,,,,,0.7182320441988951,0.6869244935543278,0.7882136279926335,0.8839779005524862,0.8692449355432781,0.856353591160221,0.850828729281768,0.8066298342541437,0.8324125230202578,0.8176795580110497,0.6979742173112339,0.7421731123388582,0.8213627992633518,0.8416206261510129,0.8802946593001841,0.6942909760589319,0.7311233885819521,0.7550644567219152,0.8047882136279927,0.852670349907919,0.8268876611418048,0.8176795580110497,0.8268876611418048,0.852670349907919,0.8011049723756906,0.7900552486187845,0.6003683241252302,0.8453038674033149,0.6795580110497238,0.7182320441988951,0.6795580110497238,0.1252302025782689,0.19889502762430938,3.527484792678163
זיו,9.303435114503817,10.507633587786259,21.290076335877863,3.8110687022900764,2.213740458015267,3.5706106870229006,2.8072519083969465,2.3912213740458017,3.7423664122137406,4.244274809160306,3.3377862595419847,5.351145038167939,4.469465648854962,7.08587786259542,12.145038167938932,4.841603053435114,12.303435114503817,8.599236641221374,6.0820610687022905,,5.345419847328245,2.515267175572519,4.0038167938931295,3.677480916030534,3.2786259541984735,2.4770992366412212,2.618320610687023,2.7938931297709924,27.08587786259542,6.456106870229007,2.1526717557251906,2.9217557251908395,1.868320610687023,2.0114503816793894,,,,,,,,,,,,,,,,,,,,,,,,,,,,,,0.6641221374045801,0.7232824427480916,0.7652671755725191,0.8473282442748091,0.8473282442748091,0.8148854961832062,0.8702290076335878,0.7900763358778626,0.8072519083969466,0.799618320610687,0.6965648854961832,0.7557251908396947,0.8187022900763359,0.8206106870229007,0.8683206106870229,0.7251908396946565,0.7251908396946565,0.7519083969465649,0.7538167938931297,0.8206106870229007,0.7614503816793893,0.7690839694656488,0.7862595419847328,0.8435114503816794,0.7824427480916031,0.7423664122137404,0.683206106870229,0.7461832061068703,0.6412213740458015,0.6641221374045801,0.6412213740458015,0.16793893129770993,0.20801526717557253,3.3546437659033077
לניאדו,11.649842271293375,14.331230283911673,16.16403785488959,7.085173501577287,2.643533123028391,6.100946372239748,5.438485804416404,2.1482649842271293,4.479495268138801,5.044164037854889,3.5615141955835963,8.378548895899053,7.233438485804417,8.126182965299684,15.277602523659306,9.195583596214512,14.659305993690852,11.602523659305994,8.25552050473186,,7.883280757097792,3.4763406940063093,3.3753943217665614,3.9305993690851735,5.5362776025236595,4.217665615141956,3.0662460567823344,5.063091482649842,22.236593059936908,9.574132492113565,1.8485804416403786,2.7539432176656153,2.034700315457413,1.2334384858044165,,,,,,,,,,,,,,,,,,,,,,,,,,,,,,0.637223974763407,0.6845425867507886,0.7760252365930599,0.8296529968454258,0.807570977917981,0.7665615141955836,0.7886435331230284,0.7287066246056783,0.7413249211356467,0.7444794952681388,0.6466876971608833,0.6435331230283912,0.7697160883280757,0.8012618296529969,0.8422712933753943,0.637223974763407,0.6908517350157729,0.7034700315457413,0.7287066246056783,0.7665615141955836,0.804416403785489,0.7539432176656151,0.7602523659305994,0.8580441640378549,0.7097791798107256,0.6214511041009464,0.5236593059936908,0.7823343848580442,0.6088328075709779,0.637223974763407,0.6088328075709779,0.19873817034700317,0.25236593059936907,3.946372239747634
מאיר,8.322772277227722,13.8990099009901,20.451485148514852,2.786138613861386,1.9722772277227723,3.378217821782178,2.740594059405941,2.1920792079207922,3.0792079207920793,3.2554455445544552,2.9643564356435643,5.679207920792079,4.544554455445544,7.403960396039604,13.259405940594059,7.443564356435644,10.423762376237624,8.17029702970297,5.57029702970297,,3.4752475247524752,2.4495049504950495,2.984158415841584,3.5742574257425743,3.1742574257425744,2.8613861386138613,3.1544554455445546,3.087128712871287,24.100990099009902,5.140594059405941,1.4594059405940594,2.9326732673267326,2.007920792079208,1.2257425742574257,,,,,,,,,,,,,,,,,,,,,,,,,,,,,,0.7188118811881188,0.6495049504950495,0.8237623762376237,0.8891089108910891,0.8792079207920792,0.8514851485148515,0.899009900990099,0.8574257425742574,0.8633663366336634,0.8554455445544554,0.7069306930693069,0.7683168316831683,0.8673267326732673,0.8653465346534653,0.906930693069307,0.7485148514851485,0.7683168316831683,0.8138613861386138,0.805940594059406,0.8633663366336634,0.8475247524752475,0.8673267326732673,0.8712871287128713,0.8712871287128713,0.8396039603960396,0.7603960396039604,0.6534653465346535,0.8435643564356435,0.7207920792079208,0.7188118811881188,0.7207920792079208,0.11287128712871287,0.1405940594059406,3.2505250525052505
מעיני הישועה,9.418604651162791,14.10077519379845,19.8062015503876,5.441860465116279,1.4651162790697674,4.573643410852713,3.24031007751938,1.5891472868217054,2.558139534883721,4.7984496124031,2.550387596899225,10.806201550387597,6.674418604651163,7.775193798449612,15.155038759689923,6.837209302325581,17.26356589147287,14.643410852713178,9.643410852713178,,2.627906976744186,1.6511627906976745,2.449612403100775,5.589147286821706,2.5891472868217056,1.7829457364341086,1.7596899224806202,2.689922480620155,20.573643410852714,3.953488372093023,1.302325581395349,2.9612403100775193,1.9844961240310077,1.062015503875969,,,,,,,,,,,,,,,,,,,,,,,,,,,,,,0.8682170542635659,0.8062015503875969,0.8217054263565892,0.9069767441860465,0.875968992248062,0.8372093023255814,0.8527131782945736,0.7829457364341085,0.813953488372093,0.8294573643410853,0.7751937984496124,0.7054263565891473,0.8527131782945736,0.8527131782945736,0.8992248062015504,0.6666666666666666,0.7596899224806202,0.7054263565891473,0.7906976744186046,0.8682170542635659,0.8527131782945736,0.8372093023255814,0.813953488372093,0.8527131782945736,0.813953488372093,0.751937984496124,0.7984496124031008,0.8372093023255814,0.8294573643410853,0.8682170542635659,0.8294573643410853,0.08527131782945736,0.11627906976744186,3.58902983321588
נהריה,9.074363992172211,12.463796477495107,19.434442270058707,3.7847358121330723,1.9099804305283756,2.6027397260273974,2.2583170254403133,1.9412915851272015,3.2426614481409004,3.2367906066536203,2.6692759295499022,4.234833659491194,3.9765166340508804,5.256360078277886,10.641878669275929,4.289628180039139,9.050880626223092,7.504892367906066,4.039138943248532,,4.477495107632094,2.0176125244618395,3.095890410958904,2.75146771037182,2.5362035225048922,2.483365949119374,1.9823874755381605,3.1741682974559686,26.258317025440313,4.663405088062622,3.015655577299413,2.868884540117417,1.9119373776908024,2.1291585127201564,,,,,,,,,,,,,,,,,,,,,,,,,,,,,,0.6614481409001957,0.6594911937377691,0.7416829745596869,0.8590998043052838,0.821917808219178,0.8180039138943248,0.8336594911937377,0.7808219178082192,0.7925636007827789,0.8023483365949119,0.700587084148728,0.7534246575342466,0.761252446183953,0.7984344422700587,0.8434442270058709,0.6966731898238747,0.735812133072407,0.7592954990215264,0.7710371819960861,0.8043052837573386,0.7886497064579256,0.7808219178082192,0.7945205479452054,0.8160469667318982,0.735812133072407,0.7436399217221135,0.7416829745596869,0.7573385518590998,0.6457925636007827,0.6614481409001957,0.6457925636007827,0.1506849315068493,0.20156555772994128,3.012690505841191
סורוקה,9.166990291262136,12.58252427184466,32.970873786407765,3.170873786407767,2.563106796116505,4.293203883495146,2.174757281553398,2.733980582524272,3.2893203883495143,4.019417475728155,2.5689320388349515,4.427184466019417,6.326213592233009,7.339805825242719,8.94368932038835,6.592233009708738,11.093203883495146,7.972815533980582,4.9339805825242715,,3.6135922330097086,2.7786407766990293,3.3320388349514563,4.5475728155339805,3.6194174757281554,2.9883495145631067,3.3300970873786406,2.986407766990291,29.959223300970873,6.561165048543689,1.7611650485436894,2.763106796116505,1.9359223300970874,1.3553398058252428,,,,,,,,,,,,,,,,,,,,,,,,,,,,,,0.7106796116504854,0.7495145631067961,0.7980582524271844,0.8563106796116505,0.8601941747572815,0.8407766990291262,0.8912621359223301,0.8233009708737864,0.8310679611650486,0.829126213592233,0.7067961165048544,0.7669902912621359,0.8135922330097087,0.8252427184466019,0.8815533980582524,0.7456310679611651,0.7572815533980582,0.8,0.7941747572815534,0.8815533980582524,0.829126213592233,0.8174757281553398,0.8097087378640777,0.8699029126213592,0.8174757281553398,0.7631067961165049,0.7203883495145631,0.8252427184466019,0.6990291262135923,0.7106796116504854,0.6990291262135923,0.12815533980582525,0.14951456310679612,3.540864960282436
פוריה,9.148225469728601,10.77661795407098,23.396659707724424,3.2254697286012526,2.801670146137787,3.1336116910229643,2.816283924843424,2.4237995824634657,2.6200417536534446,4.2045929018789145,2.605427974947808,3.5970772442588728,4.55741127348643,6.217118997912317,10.448851774530272,4.84133611691023,11.471816283924843,9.636743215031315,4.864300626304802,,2.8977035490605427,2.534446764091858,2.711899791231733,3.3987473903966596,2.674321503131524,3.989561586638831,3.5240083507306887,3.083507306889353,23.926931106471816,5.187891440501044,2.0918580375782883,2.799582463465553,1.8058455114822547,1.6701461377870563,,,,,,,,,,,,,,,,,,,,,,,,,,,,,,0.7473903966597077,0.7578288100208769,0.8079331941544885,0.8684759916492694,0.8329853862212944,0.8350730688935282,0.8830897703549061,0.8100208768267223,0.8288100208768268,0.8288100208768268,0.7432150313152401,0.8016701461377871,0.8475991649269311,0.8392484342379958,0.8977035490605428,0.7745302713987474,0.8037578288100209,0.7974947807933194,0.7891440501043842,0.8455114822546973,0.7933194154488518,0.791231732776618,0.826722338204593,0.8914405010438413,0.8580375782881002,0.7453027139874739,0.6910229645093946,0.8538622129436325,0.7098121085594989,0.7473903966597077,0.7098121085594989,0.10855949895615867,0.17118997912317327,3.1866894413867275
קפלן,9.132038834951457,14.557281553398058,20.836893203883495,4.029126213592233,2.3514563106796116,3.541747572815534,3.1766990291262136,2.61747572815534,3.2427184466019416,4.860194174757281,2.483495145631068,7.023300970873787,6.1029126213592235,8.359223300970873,14.433009708737863,6.433009708737864,10.697087378640777,9.809708737864078,7.398058252427185,,6.0660194174757285,2.9165048543689323,4.21747572815534,5.518446601941748,3.666019417475728,4.170873786407767,3.0349514563106794,4.099029126213592,29.984466019417475,5.075728155339806,1.6718446601941748,2.9436893203883496,1.9533980582524273,1.2116504854368932,,,,,,,,,,,,,,,,,,,,,,,,,,,,,,0.625242718446602,0.6601941747572816,0.7708737864077669,0.8194174757281554,0.8194174757281554,0.7805825242718447,0.8,0.7262135922330097,0.7533980582524272,0.7475728155339806,0.6679611650485436,0.6893203883495146,0.8116504854368932,0.829126213592233,0.8252427184466019,0.6427184466019418,0.7300970873786408,0.7203883495145631,0.7436893203883496,0.7728155339805826,0.7883495145631068,0.7650485436893204,0.7669902912621359,0.7029126213592233,0.6601941747572816,0.7009708737864078,0.6213592233009708,0.7669902912621359,0.6233009708737864,0.625242718446602,0.6233009708737864,0.17281553398058253,0.23495145631067962,3.6455133862900855
רמבם,10.510679611650485,12.976699029126214,26.124271844660193,4.456310679611651,2.1864077669902913,3.545631067961165,3.050485436893204,2.759223300970874,2.7805825242718445,4.574757281553398,3.3320388349514563,6.029126213592233,4.827184466019418,7.444660194174757,11.120388349514563,6.038834951456311,11.089320388349515,7.844660194174757,6.970873786407767,,4.761165048543689,2.566990291262136,4.170873786407767,4.94368932038835,3.955339805825243,3.1262135922330097,2.254368932038835,2.9883495145631067,23.625242718446604,5.656310679611651,2.3436893203883495,2.8718446601941747,1.9592233009708737,1.7339805825242718,,,,,,,,,,,,,,,,,,,,,,,,,,,,,,0.8019417475728156,0.7203883495145631,0.8388349514563107,0.883495145631068,0.883495145631068,0.8699029126213592,0.8854368932038835,0.8194174757281554,0.8504854368932039,0.8271844660194175,0.7339805825242719,0.7766990291262136,0.8757281553398059,0.8718446601941747,0.9048543689320389,0.7533980582524272,0.7553398058252427,0.8038834951456311,0.8058252427184466,0.8893203883495145,0.8116504854368932,0.8252427184466019,0.8368932038834952,0.8776699029126214,0.8077669902912621,0.7456310679611651,0.6776699029126214,0.8252427184466019,0.7922330097087379,0.8019417475728156,0.7922330097087379,0.07572815533980583,0.1029126213592233,3.48702559576346
שיבא,9.03639846743295,15.022988505747126,31.867816091954023,3.781609195402299,1.9846743295019158,3.5172413793103448,2.1455938697318007,1.9252873563218391,3.235632183908046,3.5306513409961684,1.9099616858237547,4.296934865900383,5.528735632183908,6.593869731800766,9.475095785440613,6.4272030651340994,10.60536398467433,9.314176245210728,5.524904214559387,,4.157088122605364,2.4980842911877397,2.3026819923371646,3.4597701149425286,2.875478927203065,2.3869731800766285,2.2796934865900385,3.6513409961685825,29.92911877394636,4.227969348659004,2.007662835249042,2.8946360153256707,1.946360153256705,1.2509578544061302,,,,,,,,,,,,,,,,,,,,,,,,,,,,,,0.7720306513409961,0.7413793103448276,0.7950191570881227,0.8869731800766284,0.8831417624521073,0.867816091954023,0.9042145593869731,0.8467432950191571,0.8793103448275862,0.867816091954023,0.7183908045977011,0.7739463601532567,0.867816091954023,0.8754789272030651,0.9233716475095786,0.7624521072796935,0.814176245210728,0.8275862068965517,0.7873563218390804,0.8888888888888888,0.8448275862068966,0.8505747126436781,0.8563218390804598,0.8582375478927203,0.842911877394636,0.7605363984674329,0.657088122605364,0.8563218390804598,0.8467432950191571,0.7720306513409961,0.8467432950191571,0.09386973180076628,0.0842911877394636,3.446156972019041
שערי צדק,9.415708812260537,11.187739463601533,30.896551724137932,4.984674329501916,1.917624521072797,2.7011494252873565,2.3122605363984676,1.7988505747126438,2.718390804597701,3.024904214559387,2.5402298850574714,4.862068965517241,5.568965517241379,5.852490421455939,13.885057471264368,5.528735632183908,12.166666666666666,9.124521072796934,5.436781609195402,,4.657088122605364,2.710727969348659,3.532567049808429,4.46360153256705,2.950191570881226,2.9559386973180075,2.3793103448275863,2.8984674329501914,26.113026819923373,4.296934865900383,2.2049808429118776,2.8812260536398466,1.9272030651340997,1.2739463601532568,,,,,,,,,,,,,,,,,,,,,,,,,,,,,,0.7931034482758621,0.7662835249042146,0.8199233716475096,0.9003831417624522,0.896551724137931,0.8601532567049809,0.8697318007662835,0.8160919540229885,0.8371647509578544,0.8275862068965517,0.7164750957854407,0.7586206896551724,0.8639846743295019,0.9003831417624522,0.9080459770114943,0.735632183908046,0.7854406130268199,0.8199233716475096,0.8256704980842912,0.9003831417624522,0.8180076628352491,0.8256704980842912,0.8390804597701149,0.8237547892720306,0.8256704980842912,0.7164750957854407,0.6111111111111112,0.8371647509578544,0.7950191570881227,0.7931034482758621,0.7950191570881227,0.08237547892720307,0.09578544061302682,3.433762916521537
